www.test1.com,intelligence
www.test2.com,cryptography,deep,computer,physics
www.test3.com,webpage
www.test4.com,calculus
www.test5.com,photosynthesis,cryptography
www.test6.com,medicine
www.test7.com,galaxy,physics,spear
www.test8.com,water drop
www.test9.com,physics
www.test10.com,geometry,intelligence
www.test11.com,spider,stars,biology
www.test12.com,sword
www.test13.com,programming languages,intelligence,shield,network systems
www.test14.com,earth,spear,medicine
www.test15.com,webpage,physics,flower
www.test16.com,software,programming languages,deep,network systems
www.test17.com,earth,programming languages,bee
www.test18.com,medical
www.test19.com,flower,database,math
www.test20.com,stars
www.test21.com,trees,algebra,security
www.test22.com,machine learning
www.test23.com,learning
www.test24.com,fire,machine learning,webpage,fire ant
www.test25.com,moon,network systems
www.test26.com,medical,software
www.test27.com,spear,moon,knight,algorithm
www.test28.com,cryptography,webpage
www.test29.com,knight,gum,sun
www.test30.com,physics
